antecedents,consequents,antecedent support,consequent support,support,confidence,lift,leverage,conviction
frozenset({'dit'}),frozenset({'mfa'}),0.4838709677419355,0.5096774193548387,0.3032258064516129,0.6266666666666666,1.229535864978903,0.056607700312174825,1.313364055299539
frozenset({'cbm'}),frozenset({'cam'}),0.535483870967742,0.5419354838709678,0.3548387096774194,0.6626506024096386,1.2227481353987377,0.06464099895941722,1.3578341013824884
frozenset({'cam'}),frozenset({'cbm'}),0.5419354838709678,0.535483870967742,0.3548387096774194,0.6547619047619048,1.2227481353987377,0.06464099895941722,1.3454949944382646
frozenset({'cam'}),frozenset({'loc'}),0.5419354838709678,0.6064516129032258,0.36129032258064514,0.6666666666666665,1.0992907801418437,0.032632674297606634,1.1806451612903222
frozenset({'amc'}),frozenset({'lcom3'}),0.5161290322580645,0.5741935483870968,0.3225806451612903,0.625,1.0884831460674156,0.02622268470343392,1.135483870967742
frozenset({'cbm'}),frozenset({'loc'}),0.535483870967742,0.6064516129032258,0.34838709677419355,0.6506024096385542,1.0728018456805948,0.02364203954214361,1.1263626251390433
