antecedents,consequents,antecedent support,consequent support,support,confidence,lift,leverage,conviction
frozenset({'rfc'}),frozenset({'cbo'}),0.45161290322580644,0.6,0.3096774193548387,0.6857142857142857,1.142857142857143,0.03870967741935488,1.272727272727273
frozenset({'amc'}),frozenset({'cbo'}),0.4645161290322581,0.6,0.3032258064516129,0.6527777777777778,1.087962962962963,0.024516129032258083,1.1520000000000001
frozenset({'loc'}),frozenset({'cbo'}),0.6258064516129033,0.6,0.4064516129032258,0.6494845360824741,1.0824742268041236,0.03096774193548385,1.141176470588235
frozenset({'cbo'}),frozenset({'loc'}),0.6,0.6258064516129033,0.4064516129032258,0.6774193548387096,1.0824742268041236,0.03096774193548385,1.1599999999999997
frozenset({'ce'}),frozenset({'cbo'}),0.5483870967741935,0.6,0.3419354838709677,0.6235294117647059,1.0392156862745099,0.012903225806451646,1.0625
frozenset({'cbm'}),frozenset({'loc'}),0.41935483870967744,0.6258064516129033,0.3032258064516129,0.7230769230769231,1.15543219666931,0.04079084287200829,1.3512544802867381
frozenset({'amc'}),frozenset({'loc'}),0.4645161290322581,0.6258064516129033,0.3032258064516129,0.6527777777777778,1.0430985108820159,0.01252861602497396,1.0776774193548386
