antecedents,consequents,antecedent support,consequent support,support,confidence,lift,leverage,conviction
frozenset({'cbo'}),frozenset({'lcom3'}),0.5161290322580645,0.6258064516129033,0.36129032258064514,0.7,1.1185567010309276,0.03829344432882409,1.247311827956989
frozenset({'ic'}),frozenset({'lcom3'}),0.5032258064516129,0.6258064516129033,0.36129032258064514,0.717948717948718,1.1472376420830028,0.046368366285119644,1.3266862170087974
frozenset({'ca'}),frozenset({'lcom3'}),0.5161290322580645,0.6258064516129033,0.36129032258064514,0.7,1.1185567010309276,0.03829344432882409,1.247311827956989
frozenset({'ce'}),frozenset({'lcom3'}),0.4967741935483871,0.6258064516129033,0.3419354838709677,0.6883116883116883,1.0998795019413576,0.031050988553589953,1.200537634408602
frozenset({'npm'}),frozenset({'ce'}),0.4838709677419355,0.4967741935483871,0.3032258064516129,0.6266666666666666,1.2614718614718614,0.06285119667013528,1.3479262672811057
frozenset({'ce'}),frozenset({'npm'}),0.4967741935483871,0.4838709677419355,0.3032258064516129,0.6103896103896104,1.2614718614718614,0.06285119667013528,1.324731182795699
frozenset({'ca'}),frozenset({'ce'}),0.5161290322580645,0.4967741935483871,0.3096774193548387,0.6000000000000001,1.207792207792208,0.053277835587929256,1.2580645161290325
frozenset({'ce'}),frozenset({'ca'}),0.4967741935483871,0.5161290322580645,0.3096774193548387,0.6233766233766234,1.2077922077922079,0.053277835587929256,1.2847608453837598
