antecedents,consequents,antecedent support,consequent support,support,confidence,lift,leverage,conviction
frozenset({'codeChurnUntil:'}),frozenset({'numberOfVersionsUntil:'}),0.45806451612903226,0.7419354838709677,0.3548387096774194,0.7746478873239437,1.0440906307409676,0.014984391259105112,1.145161290322581
frozenset({'weightedAgeWithRespectTo:'}),frozenset({'numberOfVersionsUntil:'}),0.4129032258064516,0.7419354838709677,0.3225806451612903,0.78125,1.0529891304347827,0.01623309053069716,1.1797235023041475
frozenset({'maxLinesRemovedUntil:'}),frozenset({'numberOfVersionsUntil:'}),0.44516129032258067,0.7419354838709677,0.36129032258064514,0.8115942028985507,1.093887838689351,0.0310093652445369,1.3697270471464016
frozenset({'linesRemovedUntil:'}),frozenset({'numberOfVersionsUntil:'}),0.45806451612903226,0.7419354838709677,0.36129032258064514,0.7887323943661971,1.0630740967544396,0.02143600416233088,1.2215053763440857
frozenset({'maxLinesAddedUntil:'}),frozenset({'numberOfVersionsUntil:'}),0.4064516129032258,0.7419354838709677,0.3161290322580645,0.7777777777777778,1.0483091787439613,0.014568158168574374,1.1612903225806452
frozenset({'ageWithRespectTo:'}),frozenset({'numberOfVersionsUntil:'}),0.36774193548387096,0.7419354838709677,0.3096774193548387,0.8421052631578948,1.1350114416475974,0.03683662851196673,1.6344086021505382
frozenset({'numberOfRefactoringsUntil:'}),frozenset({'numberOfVersionsUntil:'}),0.43870967741935485,0.7419354838709677,0.3161290322580645,0.7205882352941175,0.9712276214833758,-0.009365244536940709,0.9235993208828519
frozenset({'linesAddedUntil:'}),frozenset({'numberOfVersionsUntil:'}),0.5096774193548387,0.7419354838709677,0.36774193548387096,0.7215189873417722,0.972482113373693,-0.010405827263267442,0.9266862170087978
