antecedents,consequents,antecedent support,consequent support,support,confidence,lift,leverage,conviction
frozenset({'NOM_avg'}),frozenset({'pre'}),0.3419354838709677,0.8838709677419355,0.3161290322580645,0.9245283018867925,1.045999173667539,0.013902185223725272,1.5387096774193547
frozenset({'FOUT_avg'}),frozenset({'pre'}),0.3548387096774194,0.8838709677419355,0.3161290322580645,0.8909090909090908,1.007962840079628,0.0024973985431841483,1.0645161290322562
frozenset({'NOM_sum'}),frozenset({'pre'}),0.3548387096774194,0.8838709677419355,0.32903225806451614,0.9272727272727272,1.0491041804910417,0.015400624349635794,1.5967741935483861
