antecedents,consequents,antecedent support,consequent support,support,confidence,lift,leverage,conviction
frozenset({'cam'}),frozenset({'rfc'}),0.5161290322580645,0.6774193548387096,0.3161290322580645,0.6124999999999999,0.9041666666666667,-0.033506763787721106,0.8324661810613944
frozenset({'amc'}),frozenset({'rfc'}),0.4064516129032258,0.6774193548387096,0.3032258064516129,0.746031746031746,1.1012849584278157,0.027887617065556758,1.270161290322581
frozenset({'loc'}),frozenset({'rfc'}),0.44516129032258067,0.6774193548387096,0.3225806451612903,0.7246376811594202,1.069703243616287,0.021019771071800197,1.1714770797962646
frozenset({'rfc'}),frozenset({'ce'}),0.6774193548387096,0.7225806451612903,0.45161290322580644,0.6666666666666667,0.9226190476190478,-0.03787721123829341,0.8322580645161294
frozenset({'ce'}),frozenset({'rfc'}),0.7225806451612903,0.6774193548387096,0.45161290322580644,0.625,0.9226190476190477,-0.03787721123829341,0.860215053763441
frozenset({'cbo'}),frozenset({'ce'}),0.44516129032258067,0.7225806451612903,0.3548387096774194,0.7971014492753623,1.103131469979296,0.03317377731529658,1.3672811059907835
frozenset({'cam'}),frozenset({'ce'}),0.5161290322580645,0.7225806451612903,0.3741935483870968,0.7250000000000001,1.0033482142857144,0.0012486992715921574,1.0087976539589447
frozenset({'loc'}),frozenset({'ce'}),0.44516129032258067,0.7225806451612903,0.3419354838709677,0.7681159420289855,1.0630175983436854,0.020270551508844936,1.1963709677419354
