antecedents,consequents,antecedent support,consequent support,support,confidence,lift,leverage,conviction
frozenset({'VG_max'}),frozenset({'pre'}),0.3935483870967742,0.8516129032258064,0.33548387096774196,0.8524590163934427,1.0009935419771487,0.000332986472424579,1.0057347670250902
frozenset({'VG_sum'}),frozenset({'pre'}),0.5161290322580645,0.8516129032258064,0.432258064516129,0.8375,0.9834280303030304,-0.007284079084287187,0.9131513647642684
frozenset({'TLOC'}),frozenset({'pre'}),0.4064516129032258,0.8516129032258064,0.33548387096774196,0.8253968253968255,0.9692159692159693,-0.010655567117585807,0.8498533724340182
frozenset({'PAR_max'}),frozenset({'pre'}),0.41935483870967744,0.8516129032258064,0.36774193548387096,0.8769230769230769,1.0297202797202798,0.010613943808532755,1.205645161290323
frozenset({'NBD_max'}),frozenset({'pre'}),0.41935483870967744,0.8516129032258064,0.32903225806451614,0.7846153846153846,0.9213286713286714,-0.02809573361082207,0.6889400921658988
frozenset({'MLOC_sum'}),frozenset({'pre'}),0.5483870967741935,0.8516129032258064,0.4774193548387097,0.8705882352941177,1.022281639928699,0.010405827263267498,1.1466275659824052
frozenset({'VG_avg'}),frozenset({'pre'}),0.4064516129032258,0.8516129032258064,0.3548387096774194,0.8730158730158731,1.0251322751322753,0.008699271592091606,1.1685483870967757
